{
  "agentrun-1c94c76380c6": {
    "best_score": 135.50999788953465,
    "bottom_candidates": [
      {
        "candidate_id": "cand-6380c6-000",
        "env_return_mean": 135.50999788953465,
        "reflection_checkpoint_count": 3,
        "score": 135.50999788953465,
        "shaped_return_mean": 135.50446773002795,
        "total_timesteps": 6144,
        "variant_label": "default"
      },
      {
        "candidate_id": "cand-6380c6-001",
        "env_return_mean": -298.53766333784563,
        "reflection_checkpoint_count": 0,
        "score": -298.53766333784563,
        "shaped_return_mean": -298.541369824487,
        "total_timesteps": 3072,
        "variant_label": "risk_aware"
      }
    ],
    "budget_used": {
      "api_input_tokens": 0,
      "api_output_tokens": 0,
      "evaluation_episodes": 21,
      "training_timesteps": 27648
    },
    "compare_count": 0,
    "decision_sources": {
      "heuristic": 4
    },
    "experiment_count": 2,
    "experiment_score_stats": {
      "count": 2,
      "max": 135.50999788953465,
      "mean": -81.51383272415549,
      "min": -298.53766333784563,
      "stdev": 217.02383061369014
    },
    "experiment_variant_counts": {
      "default": 1,
      "risk_aware": 1
    },
    "failed_tool_count": 0,
    "failed_tool_details": [],
    "planner_validation_failed_events": 0,
    "probe_count": 2,
    "probe_degradation_ratio_stats": {
      "count": 2,
      "max": 1.96,
      "mean": 0.98,
      "min": 0.0
    },
    "probe_risk_level_counts": {
      "high": 2
    },
    "probe_variant_score_stats": {
      "dynamics_shift": {
        "count": 2,
        "max": 180.00194040334654,
        "mean": 94.56445187682526,
        "min": 9.126963350303981
      },
      "observation_dropout": {
        "count": 2,
        "max": 10.872577824908582,
        "mean": -210.27042766349192,
        "min": -431.41343315189243
      },
      "reward_delay": {
        "count": 2,
        "max": -410.2599140608262,
        "mean": -526.7790127545072,
        "min": -643.2981114481881
      }
    },
    "run_id": "agentrun-1c94c76380c6",
    "status": "completed",
    "stop_reason": "turn_cap",
    "tool_result_count": 4,
    "top_candidates": [
      {
        "candidate_id": "cand-6380c6-000",
        "env_return_mean": 135.50999788953465,
        "reflection_checkpoint_count": 3,
        "score": 135.50999788953465,
        "shaped_return_mean": 135.50446773002795,
        "total_timesteps": 6144,
        "variant_label": "default"
      },
      {
        "candidate_id": "cand-6380c6-001",
        "env_return_mean": -298.53766333784563,
        "reflection_checkpoint_count": 0,
        "score": -298.53766333784563,
        "shaped_return_mean": -298.541369824487,
        "total_timesteps": 3072,
        "variant_label": "risk_aware"
      }
    ],
    "turn_count": 4
  },
  "agentrun-205904ecd3a6": {
    "best_score": 135.29894715290163,
    "bottom_candidates": [
      {
        "candidate_id": "cand-ecd3a6-003",
        "env_return_mean": 135.29894715290163,
        "reflection_checkpoint_count": 3,
        "score": 135.29894715290163,
        "shaped_return_mean": 135.29778902345063,
        "total_timesteps": 12288,
        "variant_label": "risk_aware"
      },
      {
        "candidate_id": "cand_0_baseline",
        "env_return_mean": 102.00078520510027,
        "reflection_checkpoint_count": 3,
        "score": 102.00078520510027,
        "shaped_return_mean": 101.99955301933417,
        "total_timesteps": 12288,
        "variant_label": "baseline"
      },
      {
        "candidate_id": "cand-ecd3a6-002",
        "env_return_mean": 16.458473349718847,
        "reflection_checkpoint_count": 3,
        "score": 16.458473349718847,
        "shaped_return_mean": 16.456305632982364,
        "total_timesteps": 24576,
        "variant_label": "default"
      },
      {
        "candidate_id": "cand-ecd3a6-001",
        "env_return_mean": -198.33316381073737,
        "reflection_checkpoint_count": 3,
        "score": -198.33316381073737,
        "shaped_return_mean": -198.334831274684,
        "total_timesteps": 12288,
        "variant_label": "risk_aware"
      }
    ],
    "budget_used": {
      "api_input_tokens": 19528,
      "api_output_tokens": 9436,
      "evaluation_episodes": 98,
      "training_timesteps": 172032
    },
    "compare_count": 2,
    "decision_sources": {
      "heuristic": 8,
      "llm_openai": 3
    },
    "experiment_count": 4,
    "experiment_score_stats": {
      "count": 4,
      "max": 135.29894715290163,
      "mean": 13.856260474245843,
      "min": -198.33316381073737,
      "stdev": 129.95086251926176
    },
    "experiment_variant_counts": {
      "baseline": 1,
      "default": 1,
      "risk_aware": 2
    },
    "failed_tool_count": 1,
    "failed_tool_details": [
      {
        "error": "invalid run_probe_suite arguments: file not found: objective.txt",
        "status": "rejected",
        "tool_name": "run_probe_suite"
      }
    ],
    "planner_validation_failed_events": 22,
    "probe_count": 3,
    "probe_degradation_ratio_stats": {
      "count": 3,
      "max": 5.7864,
      "mean": 2.6052333333333335,
      "min": 0.0
    },
    "probe_risk_level_counts": {
      "high": 2,
      "low": 1
    },
    "probe_variant_score_stats": {
      "dynamics_shift": {
        "count": 3,
        "max": 127.4596182246175,
        "mean": 77.75207745518438,
        "min": 33.48475432985842
      },
      "observation_dropout": {
        "count": 3,
        "max": 229.33775733768204,
        "mean": -21.252085207790014,
        "min": -444.2917658310243
      },
      "reward_delay": {
        "count": 3,
        "max": 135.65037926854833,
        "mean": -102.77190276380243,
        "min": -577.786402987279
      }
    },
    "run_id": "agentrun-205904ecd3a6",
    "status": "completed",
    "stop_reason": "manual",
    "tool_result_count": 10,
    "top_candidates": [
      {
        "candidate_id": "cand-ecd3a6-003",
        "env_return_mean": 135.29894715290163,
        "reflection_checkpoint_count": 3,
        "score": 135.29894715290163,
        "shaped_return_mean": 135.29778902345063,
        "total_timesteps": 12288,
        "variant_label": "risk_aware"
      },
      {
        "candidate_id": "cand_0_baseline",
        "env_return_mean": 102.00078520510027,
        "reflection_checkpoint_count": 3,
        "score": 102.00078520510027,
        "shaped_return_mean": 101.99955301933417,
        "total_timesteps": 12288,
        "variant_label": "baseline"
      },
      {
        "candidate_id": "cand-ecd3a6-002",
        "env_return_mean": 16.458473349718847,
        "reflection_checkpoint_count": 3,
        "score": 16.458473349718847,
        "shaped_return_mean": 16.456305632982364,
        "total_timesteps": 24576,
        "variant_label": "default"
      },
      {
        "candidate_id": "cand-ecd3a6-001",
        "env_return_mean": -198.33316381073737,
        "reflection_checkpoint_count": 3,
        "score": -198.33316381073737,
        "shaped_return_mean": -198.334831274684,
        "total_timesteps": 12288,
        "variant_label": "risk_aware"
      }
    ],
    "turn_count": 11
  },
  "agentrun-537d65665623": {
    "best_score": null,
    "bottom_candidates": [],
    "budget_used": {
      "api_input_tokens": 1098,
      "api_output_tokens": 1191,
      "evaluation_episodes": 0,
      "training_timesteps": 0
    },
    "compare_count": 0,
    "decision_sources": {
      "heuristic": 1,
      "llm_openai": 1
    },
    "experiment_count": 0,
    "experiment_score_stats": {
      "count": 0,
      "max": null,
      "mean": null,
      "min": null,
      "stdev": null
    },
    "experiment_variant_counts": {},
    "failed_tool_count": 1,
    "failed_tool_details": [
      {
        "error": "run_experiment execution failed (NamespaceNotFound): Namespace gymnasium not found. Have you installed the proper package for gymnasium?",